insert into accounts (id, email, password, role)
VALUES (1, 'admin@gmai.com', 'admin', 'ADMIN'),
       (2, 'kuban@gmai.com', 'kuban', 'PATIENT'),
       (3, 'eliza@gmai.com', 'eliza', 'PATIENT'),
       (4, 'isxak@gmai.com', 'isxak', 'PATIENT'),
       (5, 'uluk@gmai.com', 'uluk', 'PATIENT');


insert into users (id, first_name, last_name, phone_number, account_id)
values (1, 'Админ', 'Админов', '+996708281123', 1),
       (2, 'Кубан', 'Келсинбеков', '+996708281456', 2),
       (3, 'Элиза', 'Аширалиева', '+996708281789', 3),
       (4, 'Исхак', 'Абдухамидов', '+996708281312', 4),
       (5, 'Улук', 'Исманов', '+996708281334', 5);


insert into departments (id, name)
values (1, 'ALLERGOLOGY'),
       (2, 'ANESTHESIOLOGY'),
       (3, 'VACCINATION'),
       (4, 'GASTROENTEROLOGY'),
       (5, 'GYNECOLOGY'),
       (6, 'DERMATOLOGY'),
       (7, 'CARDIOLOGY'),
       (8, 'NEUROLOGY'),
       (9, 'NEUROSURGERY'),
       (10, 'ONCOLOGY'),
       (11, 'ORTHOPEDICS'),
       (12, 'OTORHINOLARYNGOLOGY'),
       (13, 'OPHTHALMOLOGY'),
       (14, 'PROCTOLOGY'),
       (15, 'PSYCHOTHERAPY'),
       (16, 'PULMONOLOGY'),
       (17, 'RHEUMATOLOGY'),
       (18, 'THERAPY'),
       (19, 'UROLOGY'),
       (20, 'PHLEBOLOGY'),
       (21, 'PHYSIOTHERAPY'),
       (22, 'ENDOCRINOLOGY');


insert into doctors (id, description, first_name, image, is_active, last_name, position, department_id)
values (1, 'Мы развиваемся, учимся и оттачиваем мастерство, стажируемся в ведущих университетах Европы, чтобы еще на шаг стать ближе к совершенству.', 'Асема', 'link image', true, 'Асанова', 'Главный врач', 1),
       (2, 'Мы развиваемся, учимся и оттачиваем мастерство, стажируемся в ведущих университетах Европы, чтобы еще на шаг стать ближе к совершенству.', 'Алина', 'link image', true, 'Романва', 'Медсестра', 1),
       (3, 'Мы развиваемся, учимся и оттачиваем мастерство, стажируемся в ведущих университетах Европы, чтобы еще на шаг стать ближе к совершенству.', 'Мээрим', 'link image', true, 'Жуманазарова', 'Врач аллерголог', 2),
       (4, 'Мы развиваемся, учимся и оттачиваем мастерство, стажируемся в ведущих университетах Европы, чтобы еще на шаг стать ближе к совершенству.', 'Каныкей', 'link image', true, 'Уланбекова', 'Врач аллерголог', 2),
       (5, 'Мы развиваемся, учимся и оттачиваем мастерство, стажируемся в ведущих университетах Европы, чтобы еще на шаг стать ближе к совершенству.', 'Наталия', 'link image', true, 'Романва', 'Врач анестезио́лог-реанимато́лог', 3),
       (6, 'Мы развиваемся, учимся и оттачиваем мастерство, стажируемся в ведущих университетах Европы, чтобы еще на шаг стать ближе к совершенству.', 'Галя', 'link image', true, 'Кадырова', 'Врач анестезио́лог', 3),
       (7, 'Мы развиваемся, учимся и оттачиваем мастерство, стажируемся в ведущих университетах Европы, чтобы еще на шаг стать ближе к совершенству.', 'Лариса', 'link image', true, 'Гузеева', 'Врач', 4),
       (8, 'Мы развиваемся, учимся и оттачиваем мастерство, стажируемся в ведущих университетах Европы, чтобы еще на шаг стать ближе к совершенству.', 'Артем', 'link image', true, 'Новиков', 'Медсестра', 4),
       (9, 'Мы развиваемся, учимся и оттачиваем мастерство, стажируемся в ведущих университетах Европы, чтобы еще на шаг стать ближе к совершенству.', 'Мария', 'link image', true, 'Шарапова', 'Врач-гастроэнтеролог', 5),
       (10, 'Мы развиваемся, учимся и оттачиваем мастерство, стажируемся в ведущих университетах Европы, чтобы еще на шаг стать ближе к совершенству.', 'Алла', 'link image', true, 'Пугачова', 'Врач-гастроэнтеролог', 5),
       (11, 'Мы развиваемся, учимся и оттачиваем мастерство, стажируемся в ведущих университетах Европы, чтобы еще на шаг стать ближе к совершенству.', 'Асел', 'link image', true, 'Нубаева', 'Врач-гинеколг', 6),
       (12, 'Мы развиваемся, учимся и оттачиваем мастерство, стажируемся в ведущих университетах Европы, чтобы еще на шаг стать ближе к совершенству.', 'Адыл', 'link image', true, 'Нурбеков', 'Врач-гинеколг', 6),
       (13, 'Мы развиваемся, учимся и оттачиваем мастерство, стажируемся в ведущих университетах Европы, чтобы еще на шаг стать ближе к совершенству.', 'Курсант', 'link image', true, 'Базарбаев', 'Врач-дерматолог', 7),
       (14, 'Мы развиваемся, учимся и оттачиваем мастерство, стажируемся в ведущих университетах Европы, чтобы еще на шаг стать ближе к совершенству.', 'Алима', 'link image', true, 'Кочкорова', 'Врач-дерматолог', 7),
       (15, 'Мы развиваемся, учимся и оттачиваем мастерство, стажируемся в ведущих университетах Европы, чтобы еще на шаг стать ближе к совершенству.', 'Адахан', 'link image', true, 'Таалайбеков', 'Врач-кардиолог', 8),
       (16, 'Мы развиваемся, учимся и оттачиваем мастерство, стажируемся в ведущих университетах Европы, чтобы еще на шаг стать ближе к совершенству.', 'Алихан', 'link image', true, 'Байсалов', 'Врач-кардиолог', 8),
       (17, 'Мы развиваемся, учимся и оттачиваем мастерство, стажируемся в ведущих университетах Европы, чтобы еще на шаг стать ближе к совершенству.', 'Нуржигит', 'link image', true, 'Каныбеков', 'Врач-невролог', 9),
       (18, 'Мы развиваемся, учимся и оттачиваем мастерство, стажируемся в ведущих университетах Европы, чтобы еще на шаг стать ближе к совершенству.', 'Назима', 'link image', true, 'Турдиева', 'Врач-невролог', 9),
       (19, 'Мы развиваемся, учимся и оттачиваем мастерство, стажируемся в ведущих университетах Европы, чтобы еще на шаг стать ближе к совершенству.', 'Алтынай', 'link image', true, 'Ташиева', 'Врач-эпилептолог', 10),
       (20, 'Мы развиваемся, учимся и оттачиваем мастерство, стажируемся в ведущих университетах Европы, чтобы еще на шаг стать ближе к совершенству.', 'Сагын', 'link image', true, 'Чолпонбеков', 'Врач-эпилептолог', 10),
       (21, 'Мы развиваемся, учимся и оттачиваем мастерство, стажируемся в ведущих университетах Европы, чтобы еще на шаг стать ближе к совершенству.', 'Канышай', 'link image', true, 'Чекирова', 'Врач-онколог', 11),
       (22, 'Мы развиваемся, учимся и оттачиваем мастерство, стажируемся в ведущих университетах Европы, чтобы еще на шаг стать ближе к совершенству.', 'Сыймые', 'link image', true, 'Сапаров', 'Врач-онколог', 11),
       (23, 'Мы развиваемся, учимся и оттачиваем мастерство, стажируемся в ведущих университетах Европы, чтобы еще на шаг стать ближе к совершенству.', 'Бекзаман', 'link image', true, 'Кочкорбаев', 'Врач-ортапед', 12),
       (24, 'Мы развиваемся, учимся и оттачиваем мастерство, стажируемся в ведущих университетах Европы, чтобы еще на шаг стать ближе к совершенству.', 'Данияр', 'link image', true, 'Эрматов', 'Врач-ортапед', 12),
       (25, 'Мы развиваемся, учимся и оттачиваем мастерство, стажируемся в ведущих университетах Европы, чтобы еще на шаг стать ближе к совершенству.', 'Элзар', 'link image', true, 'Кадырбаев', 'Врач-оториноларинголог', 13),
       (26, 'Мы развиваемся, учимся и оттачиваем мастерство, стажируемся в ведущих университетах Европы, чтобы еще на шаг стать ближе к совершенству.', 'Нурмат', 'link image', true, 'Садыров', 'Врач-оториноларинголог', 13),
       (27, 'Мы развиваемся, учимся и оттачиваем мастерство, стажируемся в ведущих университетах Европы, чтобы еще на шаг стать ближе к совершенству.', 'Жумгалбек', 'link image', true, 'Арстанбеков', 'Врач-офталмолог', 14),
       (28, 'Мы развиваемся, учимся и оттачиваем мастерство, стажируемся в ведущих университетах Европы, чтобы еще на шаг стать ближе к совершенству.', 'Алтынай', 'link image', true, 'Нарбаева', 'Врач-офталмолог', 14),
       (29, 'Мы развиваемся, учимся и оттачиваем мастерство, стажируемся в ведущих университетах Европы, чтобы еще на шаг стать ближе к совершенству.', 'Садыр', 'link image', false, 'Жапаров', 'Врач-проктолог', 15),
       (30, 'Мы развиваемся, учимся и оттачиваем мастерство, стажируемся в ведущих университетах Европы, чтобы еще на шаг стать ближе к совершенству.', 'Акылбек', 'link image', true, 'Жапаров', 'Врач-проктолог', 15),
       (31, 'Мы развиваемся, учимся и оттачиваем мастерство, стажируемся в ведущих университетах Европы, чтобы еще на шаг стать ближе к совершенству.', 'Камчы', 'link image', true, 'Ташиев', 'Врач-психолог', 16),
       (32, 'Мы развиваемся, учимся и оттачиваем мастерство, стажируемся в ведущих университетах Европы, чтобы еще на шаг стать ближе к совершенству.', 'Камчы', 'link image', true, 'Колбаев', 'Врач-психолог', 16),
       (33, 'Мы развиваемся, учимся и оттачиваем мастерство, стажируемся в ведущих университетах Европы, чтобы еще на шаг стать ближе к совершенству.', 'Жазгул', 'link image', true, 'Жайлообекова', 'Врач-пульманолог', 17),
       (34, 'Мы развиваемся, учимся и оттачиваем мастерство, стажируемся в ведущих университетах Европы, чтобы еще на шаг стать ближе к совершенству.', 'Жанара', 'link image', true, 'Жылдызбекова', 'Врач-пульманолог', 17),
       (35, 'Мы развиваемся, учимся и оттачиваем мастерство, стажируемся в ведущих университетах Европы, чтобы еще на шаг стать ближе к совершенству.', 'Марсел', 'link image', true, 'Жээнбеков', 'Врач', 18),
       (36, 'Мы развиваемся, учимся и оттачиваем мастерство, стажируемся в ведущих университетах Европы, чтобы еще на шаг стать ближе к совершенству.', 'Жылдыз', 'link image', true, 'Туранов', 'Врач', 18),
       (37, 'Мы развиваемся, учимся и оттачиваем мастерство, стажируемся в ведущих университетах Европы, чтобы еще на шаг стать ближе к совершенству.', 'Сергей', 'link image', true, 'Тарасов', 'Врач-терапевт', 19),
       (38, 'Мы развиваемся, учимся и оттачиваем мастерство, стажируемся в ведущих университетах Европы, чтобы еще на шаг стать ближе к совершенству.', 'Анна', 'link image', true, 'Наталиевна', 'Врач-терапевт', 19),
       (39, 'Мы развиваемся, учимся и оттачиваем мастерство, стажируемся в ведущих университетах Европы, чтобы еще на шаг стать ближе к совершенству.', 'Антон', 'link image', true, 'Чехов', 'Врач-уролог', 20),
       (40, 'Мы развиваемся, учимся и оттачиваем мастерство, стажируемся в ведущих университетах Европы, чтобы еще на шаг стать ближе к совершенству.', 'Павел', 'link image', false, 'Пушкин', 'Врач-уролог', 20),
       (41, 'Мы развиваемся, учимся и оттачиваем мастерство, стажируемся в ведущих университетах Европы, чтобы еще на шаг стать ближе к совершенству.', 'Николай', 'link image', true, 'Николаевич', 'Врач-сердечно-сосудистый хирург', 21),
       (42, 'Мы развиваемся, учимся и оттачиваем мастерство, стажируемся в ведущих университетах Европы, чтобы еще на шаг стать ближе к совершенству.', 'Димитрий', 'link image', false, 'Нагиев', 'Врач-сердечно-сосудистый хирург', 21),
       (43, 'Мы развиваемся, учимся и оттачиваем мастерство, стажируемся в ведущих университетах Европы, чтобы еще на шаг стать ближе к совершенству.', 'Иса', 'link image', true, 'Ахунбаев', 'Врач-физиотерапевт', 22),
       (44, 'Мы развиваемся, учимся и оттачиваем мастерство, стажируемся в ведущих университетах Европы, чтобы еще на шаг стать ближе к совершенству.', 'Аман', 'link image', true, 'Жолдошов', 'Врач-физиотерапевт', 22),
       (45, 'Мы развиваемся, учимся и оттачиваем мастерство, стажируемся в ведущих университетах Европы, чтобы еще на шаг стать ближе к совершенству.', 'Нариман', 'link image', true, 'Келсинбеков', 'Врач-эндокринолог', 22),
       (46, 'Мы развиваемся, учимся и оттачиваем мастерство, стажируемся в ведущих университетах Европы, чтобы еще на шаг стать ближе к совершенству.', 'Карима', 'link image', false, 'Аскарбекова', 'Врач-эндокринолог', 22);


insert into appointments (id, date_of_visit, email, full_name, phone_number, status, department_id, doctor_id, user_id)
values (1, '2023-04-25','kuban@gmail.com' ,'Кубан Келсинбеков', '0999888777', 'CONFIRMED', 4, 7, 2),
       (2, '2023-04-26','elizf@gmail.com' ,'Элиза Ашырбаева', '0999888777', 'CANCELED', 3, 5, 3),
       (3, '2023-04-26','isxak@gmail.com' ,'Исхак Абдухамидов', '0999888777', 'CONFIRMED', 19, 37, 4),
       (4, '2023-04-27','uluk@gmail.com' ,'Улук Исманов', '0999888777', 'COMPLETED', 11, 22, 5);


insert into schedules (id, data_of_finish, data_of_start, interval_of_hours, department_id, doctor_id)
values (1, '2023-06-01', '2023-05-11', 60, 1, 1),
       (2, '2023-06-01', '2023-05-11', 60, 2, 3),
       (3, '2023-06-01', '2023-05-11', 60, 3, 5),
       (4, '2023-06-01', '2023-05-11', 60, 4, 7),
       (5, '2023-07-01', '2023-05-11', 60, 5, 9),
       (6, '2023-07-01', '2023-05-11', 60, 6, 11),
       (7, '2023-07-01', '2023-05-11', 60, 7, 13);


insert into schedule_date_and_times (id, date, is_busy, time_from, time_to, schedule_id)
values (1, '2023-06-01', false, '08:00:00', '09:00:00', 1),
       (2, '2023-06-01', false, '10:00:00', '11:00:00', 1),
       (3, '2023-06-01', false, '12:00:00', '13:00:00', 1),
       (4, '2023-06-01', false, '14:00:00', '15:00:00', 1),
       (5, '2023-06-02', false, '08:00:00', '09:00:00', 1),
       (6, '2023-06-02', false, '10:00:00', '11:00:00', 1),
       (7, '2023-06-02', false, '12:00:00', '13:00:00', 1),
       (8, '2023-06-02', false, '14:00:00', '15:00:00', 1),
       (9, '2023-06-02', false, '16:00:00', '17:00:00', 1),
       (10, '2023-06-05', false, '08:00:00', '09:00:00', 1),
       (11, '2023-06-05', false, '10:00:00', '11:00:00', 1),
       (12, '2023-06-05', false, '12:00:00', '13:00:00', 1),
       (13, '2023-06-05', false, '14:00:00', '15:00:00', 1),
       (14, '2023-06-05', false, '16:00:00', '17:00:00', 1),

       (15, '2023-06-03', false, '08:00:00', '09:00:00', 2),
       (16, '2023-06-03', false, '10:00:00', '11:00:00', 2),
       (17, '2023-06-03', false, '12:00:00', '13:00:00', 2),
       (18, '2023-06-03', false, '14:00:00', '15:00:00', 2),
       (19, '2023-06-06', false, '08:00:00', '09:00:00', 2),
       (20, '2023-06-06', false, '10:00:00', '11:00:00', 2),
       (21, '2023-06-06', false, '12:00:00', '13:00:00', 2),
       (22, '2023-06-06', false, '14:00:00', '15:00:00', 2),
       (23, '2023-06-06', false, '16:00:00', '17:00:00', 2),
       (24, '2023-06-09', false, '08:00:00', '09:00:00', 2),
       (25, '2023-06-09', false, '10:00:00', '11:00:00', 2),
       (26, '2023-06-09', false, '12:00:00', '13:00:00', 2),
       (27, '2023-06-09', false, '14:00:00', '15:00:00', 2),
       (28, '2023-06-09', false, '16:00:00', '17:00:00', 2),

       (29, '2023-06-04', false, '08:00:00', '09:00:00', 3),
       (30, '2023-06-04', false, '10:00:00', '11:00:00', 3),
       (31, '2023-06-04', false, '12:00:00', '13:00:00', 3),
       (32, '2023-06-04', false, '14:00:00', '15:00:00', 3),
       (33, '2023-06-07', false, '08:00:00', '09:00:00', 3),
       (34, '2023-06-07', false, '10:00:00', '11:00:00', 3),
       (35, '2023-06-07', false, '12:00:00', '13:00:00', 3),
       (36, '2023-06-07', false, '14:00:00', '15:00:00', 3),
       (37, '2023-06-07', false, '16:00:00', '17:00:00', 3),
       (38, '2023-06-08', false, '08:00:00', '09:00:00', 3),
       (39, '2023-06-08', false, '10:00:00', '11:00:00', 3),
       (40, '2023-06-08', false, '12:00:00', '13:00:00', 3),
       (41, '2023-06-08', false, '14:00:00', '15:00:00', 3),
       (42, '2023-06-08', false, '16:00:00', '17:00:00', 3),

       (43, '2023-06-01', false, '08:00:00', '09:00:00', 4),
       (44, '2023-06-01', false, '10:00:00', '11:00:00', 4),
       (45, '2023-06-01', false, '12:00:00', '13:00:00', 4),
       (46, '2023-06-01', false, '14:00:00', '15:00:00', 4),
       (47, '2023-06-01', false, '16:00:00', '17:00:00', 4),
       (48, '2023-06-02', false, '08:00:00', '09:00:00', 4),
       (49, '2023-06-02', false, '10:00:00', '11:00:00', 4),
       (50, '2023-06-02', false, '12:00:00', '13:00:00', 4),
       (51, '2023-06-02', false, '14:00:00', '15:00:00', 4),
       (52, '2023-06-02', false, '16:00:00', '17:00:00', 4),
       (53, '2023-06-04', false, '08:00:00', '09:00:00', 4),
       (54, '2023-06-04', false, '10:00:00', '11:00:00', 4),
       (55, '2023-06-04', false, '12:00:00', '13:00:00', 4),
       (56, '2023-06-04', false, '14:00:00', '15:00:00', 4),
       (57, '2023-06-04', false, '16:00:00', '17:00:00', 4),

       (58, '2023-06-03', false, '08:00:00', '09:00:00', 5),
       (59, '2023-06-03', false, '10:00:00', '11:00:00', 5),
       (60, '2023-06-03', false, '12:00:00', '13:00:00', 5),
       (61, '2023-06-03', false, '14:00:00', '15:00:00', 5),
       (62, '2023-06-06', false, '08:00:00', '09:00:00', 5),
       (63, '2023-06-06', false, '10:00:00', '11:00:00', 5),
       (64, '2023-06-06', false, '12:00:00', '13:00:00', 5),
       (65, '2023-06-06', false, '14:00:00', '15:00:00', 5),
       (66, '2023-06-06', false, '16:00:00', '17:00:00', 5),
       (67, '2023-06-09', false, '08:00:00', '09:00:00', 5),
       (68, '2023-06-09', false, '10:00:00', '11:00:00', 5),
       (69, '2023-06-09', false, '12:00:00', '13:00:00', 5),
       (70, '2023-06-09', false, '14:00:00', '15:00:00', 5),
       (71, '2023-06-09', false, '16:00:00', '17:00:00', 5),

       (72, '2023-06-04', false, '08:00:00', '09:00:00', 6),
       (73, '2023-06-04', false, '10:00:00', '11:00:00', 6),
       (74, '2023-06-04', false, '12:00:00', '13:00:00', 6),
       (75, '2023-06-04', false, '14:00:00', '15:00:00', 6),
       (76, '2023-06-07', false, '08:00:00', '09:00:00', 6),
       (77, '2023-06-07', false, '10:00:00', '11:00:00', 6),
       (78, '2023-06-07', false, '12:00:00', '13:00:00', 6),
       (79, '2023-06-07', false, '14:00:00', '15:00:00', 6),
       (80, '2023-06-07', false, '16:00:00', '17:00:00', 6),
       (81, '2023-06-08', false, '08:00:00', '09:00:00', 6),
       (82, '2023-06-08', false, '10:00:00', '11:00:00', 6),
       (83, '2023-06-08', false, '12:00:00', '13:00:00', 6),
       (84, '2023-06-08', false, '14:00:00', '15:00:00', 6),
       (85, '2023-06-08', false, '16:00:00', '17:00:00', 6),

       (86, '2023-06-01', false, '08:00:00', '09:00:00', 7),
       (87, '2023-06-01', false, '10:00:00', '11:00:00', 7),
       (88, '2023-06-01', false, '12:00:00', '13:00:00', 7),
       (89, '2023-06-01', false, '14:00:00', '15:00:00', 7),
       (90, '2023-06-01', false, '16:00:00', '17:00:00', 7),
       (91, '2023-06-02', false, '08:00:00', '09:00:00', 7),
       (92, '2023-06-02', false, '10:00:00', '11:00:00', 7),
       (93, '2023-06-02', false, '12:00:00', '13:00:00', 7),
       (94, '2023-06-02', false, '14:00:00', '15:00:00', 7),
       (95, '2023-06-02', false, '16:00:00', '17:00:00', 7),
       (96, '2023-06-04', false, '08:00:00', '09:00:00', 7),
       (97, '2023-06-04', false, '10:00:00', '11:00:00', 7),
       (98, '2023-06-04', false, '12:00:00', '13:00:00', 7),
       (99, '2023-06-04', false, '14:00:00', '15:00:00', 7),
       (100, '2023-06-04', false, '16:00:00', '17:00:00', 7);


insert into results (id, date_of_issue, file, order_number, department_id, user_id)
values (1, '2023-07-01','file','88888888888', 4, 2),
       (2, '2023-07-01','file','99999999999', 3, 3),
       (3, '2023-07-01','file','11111111111', 19, 4),
       (4, '2023-07-01','file','22222222222', 11, 5);


insert into schedule_repeat_day (schedule_id, repeat_day, repeat_day_key)
values (1, true, 0),
       (2, true, 1),
       (3, true, 2),
       (4, true, 3),
       (5, true, 4),
       (6, false, 5),
       (7, false, 6);


insert into applications (id, date, name, phone_number, processed)
VALUES (1, '2023-04-15', 'Асан', '0709990099', true);